,job_title,company_name,location,summary,salary
0,Full Stack Web Developer,ItsWorthMore.com LLC,"Sanford, FL 32771","Seeking an experienced full stack developer (PHP, JavaScript, MySQL, HTML/CSS) to convert an existing internal application into a SAAS application and continue…",
1,In-House Full Stack Web Developer (Open Cart Ecommerce / Boo...,"Central Infusion Alliance, Inc.","Skokie, IL 60076","Functionality of the lead form on the homepage.
Web Development: 10 years (Preferred).
Sass (Syntactically Awesome Style Sheets): 5 years (Preferred).",$50 - $75 an hour
2,Full Stack Software Developer,Vectrus,"Dahlgren, VA","Perform full stack development to include back-end web services and front-end UI.
Object-oriented languages and web development technologies.",
3,.NET Full Stack Developer or Entry Level .NET Developer,"Steel King Industries, Inc.","Stevens Point, WI 54481","Only full-time employees eligible.
You will collaborate with management and end users to define and deliver functional web-based applications.",
4,Full Stack Developer,Vivid Racing,"Gilbert, AZ 85233","Solid understanding of web security.
Write code to automate portions of our data pipeline and streamline the sales process.","$70,000 - $80,000 a year"
5,Full-Stack Web and Mobile Developer,Phi Theta Kappa Honor Society,"Jackson, MS 39211 (Northeast area)","At least an associate degree in web development/design or related field of study.
Troubleshoot and problem solve on both front- and back-end issues of the web…","$40,000 - $83,600 a year"
6,Full Stack Developer,Rethink,"New York, NY 10001 (Flatiron District area)","Net platform, Microsoft web technologies and Microsoft development technologies.
NET Developer to a very successful and growing team.",$50 - $60 an hour
7,Full Stack Developer,"Next Phase Solutions and Services, Inc.","Columbia, MD 21044","Proven experience as a full-stack developer or similar role.
As a full-stack developer, you should be comfortable around both front-end and back-end coding…","$150,000 - $190,000 a year"
8,Full Stack Developer,General Dynamics Information Technology,"Columbia, MD 21046","Responsible for the development of web pages.
Responsible for integrating web pages to RESTful APIs.
Participate in the full application lifecycle using Agile…",
9,Full Stack Developer,Noha,"Washington, DC","Full-stack developer using Java, J2EE and Spring and Angular Framework.
Experience developing web-based GUI using Spring, Hibernate, Spring Boot, Angular, Java…","$120,000 - $130,000 a year"
10,Entry Level Full Stack Developer,Sparksoft Corporation,"Fairmont, WV 26554","Any academic/project experience working with front-end web development (JavaScript, JQuery).
Training will be provided, but knowledge or projects related to the…",
11,Full Stack Developer,Syllogize,"New York, NY","Only full-time employees eligible.
Proficiency in at least one web‐based back‐end framework (Ruby on Rails preferred).
Ruby on Rails: 1 year (Preferred).","$99,000 - $130,000 a year"
12,Full Stack Developer (Telework),AETNA,"New York, NY 10016 (Murray Hill area)","Can solve development problems using innovative web development techniques.
7+ years of direct work experience in UX design, prototypes, wireframes, interactive…",
13,Senior Full Stack Developer,Cloud Haven Solutions,Remote,"Designing userinteractions on web pages.
Staying abreast ofdevelopments in web applications and programming languages.
Meeting both technicaland consumer needs.","$140,000 a year"
14,Entry Level-Java Developer-Full Stack,BeaconFire Solution,"Princeton, NJ","BeaconFire Solution Inc. based in Central NJ, specializing in Software Development, Web Development and Business Intelligence, is looking for recent graduate…","$65,000 - $80,000 a year"
15,Full Stack Developer,Recognin Technologies,"Raleigh, NC 27604 (Northeast area)","Candidates should have an education in and/or exposure to the Microsoft stack of C#, IIS, MVC, and SQL Server, and also the web presentation stack of HTML/CSS…","$81,889 - $148,178 a year"
16,Full-stack Developer,Ethisphere,"Minneapolis, MN","Ethisphere is actively recruiting a full-stack developer, a skilled computer programmer comfortable with both front-end and back-end technologies.",
17,Full Stack/ Back End Developer,Aimtell/PushPros,"Annville, PA 17003","This is a full-time position located in Annville, PA.
Understanding of setting up and administering web servers using LAMP Stack.","$60,000 - $80,000 a year"
18,Full-Stack Web Developer / Systems Administrator,ComplianceWise LLC,"Foxfield, CO 80016","Monitoring and maintaining web application stack.
The primary focus of the position will be maintaining our existing web application and designing/developing…","$71,000 - $91,000 a year"
19,Full Stack ASP.NET Developer,FullStackTechies,United States,"Therefore, it’s essential that – as a full stack developer — you are skilled at problem solving, solution design, logical thinking and high-quality coding.",
20,Website/App Development Consultant,Applied Imagination,"Atlanta, GA","Experience leading and guiding teams to build large web sites, web apps, and/or mobile apps.
You must be a capable developer (30%-50% of your time will be spent…",
21,Website/App Development Consultant,Applied Imagination,"Atlanta, GA","Experience leading and guiding teams to build large web sites, web apps, and/or mobile apps.
You must be a capable developer (30%-50% of your time will be spent…",
22,Digital Technical Project Manager,Applied Imagination,"Norcross, GA 30071","Experience leading and guiding teams to build large web sites, web apps, and/or mobile apps.
You must be a capable developer (30%-50% of your time will be spent…",
23,Full Stack Web Developer,ItsWorthMore.com LLC,"Sanford, FL 32771","Seeking an experienced full stack developer (PHP, JavaScript, MySQL, HTML/CSS) to convert an existing internal application into a SAAS application and continue…",
24,In-House Full Stack Web Developer (Open Cart Ecommerce / Boo...,"Central Infusion Alliance, Inc.","Skokie, IL 60076","Functionality of the lead form on the homepage.
Web Development: 10 years (Preferred).
Sass (Syntactically Awesome Style Sheets): 5 years (Preferred).",$50 - $75 an hour
25,Full Stack Software Developer,Vectrus,"Dahlgren, VA","Perform full stack development to include back-end web services and front-end UI.
Object-oriented languages and web development technologies.",
26,.NET Full Stack Developer or Entry Level .NET Developer,"Steel King Industries, Inc.","Stevens Point, WI 54481","Only full-time employees eligible.
You will collaborate with management and end users to define and deliver functional web-based applications.",
27,Full Stack Developer,Vivid Racing,"Gilbert, AZ 85233","Solid understanding of web security.
Write code to automate portions of our data pipeline and streamline the sales process.","$70,000 - $80,000 a year"
28,Full-Stack Web and Mobile Developer,Phi Theta Kappa Honor Society,"Jackson, MS 39211 (Northeast area)","At least an associate degree in web development/design or related field of study.
Troubleshoot and problem solve on both front- and back-end issues of the web…","$40,000 - $83,600 a year"
29,Full Stack Developer,Rethink,"New York, NY 10001 (Flatiron District area)","Net platform, Microsoft web technologies and Microsoft development technologies.
NET Developer to a very successful and growing team.",$50 - $60 an hour
30,Full Stack Developer,"Next Phase Solutions and Services, Inc.","Columbia, MD 21044","Proven experience as a full-stack developer or similar role.
As a full-stack developer, you should be comfortable around both front-end and back-end coding…","$150,000 - $190,000 a year"
31,Full Stack Developer,General Dynamics Information Technology,"Columbia, MD 21046","Responsible for the development of web pages.
Responsible for integrating web pages to RESTful APIs.
Participate in the full application lifecycle using Agile…",
32,Full Stack Developer,Noha,"Washington, DC","Full-stack developer using Java, J2EE and Spring and Angular Framework.
Experience developing web-based GUI using Spring, Hibernate, Spring Boot, Angular, Java…","$120,000 - $130,000 a year"
33,Entry Level Full Stack Developer,Sparksoft Corporation,"Fairmont, WV 26554","Any academic/project experience working with front-end web development (JavaScript, JQuery).
Training will be provided, but knowledge or projects related to the…",
34,Full Stack Developer,Syllogize,"New York, NY","Only full-time employees eligible.
Proficiency in at least one web‐based back‐end framework (Ruby on Rails preferred).
Ruby on Rails: 1 year (Preferred).","$99,000 - $130,000 a year"
35,Full Stack Developer (Telework),AETNA,"New York, NY 10016 (Murray Hill area)","Can solve development problems using innovative web development techniques.
7+ years of direct work experience in UX design, prototypes, wireframes, interactive…",
36,Senior Full Stack Developer,Cloud Haven Solutions,Remote,"Designing userinteractions on web pages.
Staying abreast ofdevelopments in web applications and programming languages.
Meeting both technicaland consumer needs.","$140,000 a year"
37,Entry Level-Java Developer-Full Stack,BeaconFire Solution,"Princeton, NJ","BeaconFire Solution Inc. based in Central NJ, specializing in Software Development, Web Development and Business Intelligence, is looking for recent graduate…","$65,000 - $80,000 a year"
38,Full Stack Developer,Recognin Technologies,"Raleigh, NC 27604 (Northeast area)","Candidates should have an education in and/or exposure to the Microsoft stack of C#, IIS, MVC, and SQL Server, and also the web presentation stack of HTML/CSS…","$81,889 - $148,178 a year"
39,Full-stack Developer,Ethisphere,"Minneapolis, MN","Ethisphere is actively recruiting a full-stack developer, a skilled computer programmer comfortable with both front-end and back-end technologies.",
40,Full Stack/ Back End Developer,Aimtell/PushPros,"Annville, PA 17003","This is a full-time position located in Annville, PA.
Understanding of setting up and administering web servers using LAMP Stack.","$60,000 - $80,000 a year"
41,Full-Stack Web Developer / Systems Administrator,ComplianceWise LLC,"Foxfield, CO 80016","Monitoring and maintaining web application stack.
The primary focus of the position will be maintaining our existing web application and designing/developing…","$71,000 - $91,000 a year"
42,Full Stack Web Developer,ItsWorthMore.com LLC,"Sanford, FL 32771","Seeking an experienced full stack developer (PHP, JavaScript, MySQL, HTML/CSS) to convert an existing internal application into a SAAS application and continue…",
43,Full-Stack Web Developer / Systems Administrator,ComplianceWise LLC,"Foxfield, CO 80016","Monitoring and maintaining web application stack.
The primary focus of the position will be maintaining our existing web application and designing/developing…","$71,000 - $91,000 a year"
44,In-House Full Stack Web Developer (Open Cart Ecommerce / Boo...,"Central Infusion Alliance, Inc.","Skokie, IL 60076","Functionality of the lead form on the homepage.
Web Development: 10 years (Preferred).
Sass (Syntactically Awesome Style Sheets): 5 years (Preferred).",$50 - $75 an hour
45,Full Stack/ Back End Developer,Aimtell/PushPros,"Annville, PA 17003","This is a full-time position located in Annville, PA.
Understanding of setting up and administering web servers using LAMP Stack.","$60,000 - $80,000 a year"
46,Full Stack Developer,"Next Phase Solutions and Services, Inc.","Columbia, MD 21044","Proven experience as a full-stack developer or similar role.
As a full-stack developer, you should be comfortable around both front-end and back-end coding…","$150,000 - $190,000 a year"
47,Full Stack Developer,General Dynamics Information Technology,"Columbia, MD 21046","Responsible for the development of web pages.
Responsible for integrating web pages to RESTful APIs.
Participate in the full application lifecycle using Agile…",
48,Full Stack Developer,Noha,"Washington, DC","Full-stack developer using Java, J2EE and Spring and Angular Framework.
Experience developing web-based GUI using Spring, Hibernate, Spring Boot, Angular, Java…","$120,000 - $130,000 a year"
49,Entry Level Full Stack Developer,Sparksoft Corporation,"Fairmont, WV 26554","Any academic/project experience working with front-end web development (JavaScript, JQuery).
Training will be provided, but knowledge or projects related to the…",
50,Full Stack Developer,Syllogize,"New York, NY","Only full-time employees eligible.
Proficiency in at least one web‐based back‐end framework (Ruby on Rails preferred).
Ruby on Rails: 1 year (Preferred).","$99,000 - $130,000 a year"
51,Full Stack Developer (Telework),AETNA,"New York, NY 10016 (Murray Hill area)","Can solve development problems using innovative web development techniques.
Assist senior developers with client-side development practices, standards and…",
52,Senior Full Stack Developer,Cloud Haven Solutions,Remote,"Designing userinteractions on web pages.
Staying abreast ofdevelopments in web applications and programming languages.
Meeting both technicaland consumer needs.","$140,000 a year"
53,Entry Level-Java Developer-Full Stack,BeaconFire Solution,"Princeton, NJ","BeaconFire Solution Inc. based in Central NJ, specializing in Software Development, Web Development and Business Intelligence, is looking for recent graduate…","$65,000 - $80,000 a year"
54,Full Stack Developer,Recognin Technologies,"Raleigh, NC 27604 (Northeast area)","Candidates should have an education in and/or exposure to the Microsoft stack of C#, IIS, MVC, and SQL Server, and also the web presentation stack of HTML/CSS…","$81,889 - $148,178 a year"
55,Full-stack Developer,Ethisphere,"Minneapolis, MN","Ethisphere is actively recruiting a full-stack developer, a skilled computer programmer comfortable with both front-end and back-end technologies.",
56,Full Stack Developer,Vivid Racing,"Gilbert, AZ 85233","Solid understanding of web security.
Collaborate with other developers using Git and participate in code reviews.
Ability to write and optimize MySQL queries.","$70,000 - $80,000 a year"
57,Full Stack Software Developer,Vectrus,"Dahlgren, VA","Perform full stack development to include back-end web services and front-end UI.
Object-oriented languages and web development technologies.",
58,Full Stack Developer,Rethink,"New York, NY 10001 (Flatiron District area)","Net platform, Microsoft web technologies and Microsoft development technologies.
NET Developer to a very successful and growing team.",$50 - $60 an hour
59,Full-Stack Web and Mobile Developer,Phi Theta Kappa Honor Society,"Jackson, MS 39211 (Northeast area)","At least an associate degree in web development/design or related field of study.
Troubleshoot and problem solve on both front- and back-end issues of the web…","$40,000 - $83,600 a year"
60,.NET Full Stack Developer or Entry Level .NET Developer,"Steel King Industries, Inc.","Stevens Point, WI 54481","Only full-time employees eligible.
You will collaborate with management and end users to define and deliver functional web-based applications.",
